PLACEHOLDER TEST TYPE,?,?,0,Pass
PLACEHOLDER TEST TYPE,?,?,0,Pass
PLACEHOLDER TEST TYPE,?,?,0,Pass
PLACEHOLDER TEST TYPE,?,?,0,Pass
PLACEHOLDER TEST TYPE,?,?,0,Pass
PLACEHOLDER TEST TYPE,?,?,0,Pass
PLACEHOLDER TEST TYPE,?,?,0,Pass
PLACEHOLDER TEST TYPE,?,?,0,Pass
PLACEHOLDER TEST TYPE,?,?,0,Pass
PLACEHOLDER TEST TYPE,?,?,0,Pass
PLACEHOLDER TEST TYPE,?,?,0,Pass
PLACEHOLDER TEST TYPE,?,?,0,Pass
PLACEHOLDER TEST TYPE,?,?,0,Pass
PLACEHOLDER TEST TYPE,?,?,0,Pass
PLACEHOLDER TEST TYPE,?,?,0,Pass
PLACEHOLDER TEST TYPE,?,?,0,Pass
PLACEHOLDER TEST TYPE,?,?,0,Pass
PLACEHOLDER TEST TYPE,?,?,0,Pass
PLACEHOLDER TEST TYPE,?,?,0,Pass
PLACEHOLDER TEST TYPE,?,?,0,Pass
PLACEHOLDER TEST TYPE,?,?,0,Pass
PLACEHOLDER TEST TYPE,?,?,0,Pass
PLACEHOLDER TEST TYPE,?,?,0,Pass
PLACEHOLDER TEST TYPE,?,?,0,Pass
PLACEHOLDER TEST TYPE,?,?,0,Pass
PLACEHOLDER TEST TYPE,?,?,0,Pass
PLACEHOLDER TEST TYPE,?,?,0,Pass
PLACEHOLDER TEST TYPE,?,?,0,Pass
PLACEHOLDER TEST TYPE,?,?,0,Pass
PLACEHOLDER TEST TYPE,?,?,0,Pass
PLACEHOLDER TEST TYPE,?,?,0,Pass
PLACEHOLDER TEST TYPE,?,?,0,Pass
PLACEHOLDER TEST TYPE,?,?,0,Pass
PLACEHOLDER TEST TYPE,?,?,0,Pass
PLACEHOLDER TEST TYPE,?,?,0,Pass
PLACEHOLDER TEST TYPE,?,?,0,Pass
PLACEHOLDER TEST TYPE,?,?,0,Pass
PLACEHOLDER TEST TYPE,?,?,0,Pass
PLACEHOLDER TEST TYPE,?,?,1,Pass
PLACEHOLDER TEST TYPE,?,?,0,Pass
PLACEHOLDER TEST TYPE,?,?,0,Pass
PLACEHOLDER TEST TYPE,?,?,0,Pass
PLACEHOLDER TEST TYPE,?,?,0,Pass
PLACEHOLDER TEST TYPE,?,?,0,Pass
PLACEHOLDER TEST TYPE,?,?,0,Pass
PLACEHOLDER TEST TYPE,?,?,0,Pass
PLACEHOLDER TEST TYPE,?,?,0,Pass
PLACEHOLDER TEST TYPE,?,?,0,Pass
PLACEHOLDER TEST TYPE,?,?,0,Pass
PLACEHOLDER TEST TYPE,?,?,0,Pass
PLACEHOLDER TEST TYPE,?,?,0,Pass
PLACEHOLDER TEST TYPE,?,?,0,Pass
PLACEHOLDER TEST TYPE,?,?,0,Pass
PLACEHOLDER TEST TYPE,?,?,0,Pass
PLACEHOLDER TEST TYPE,?,?,0,Pass
PLACEHOLDER TEST TYPE,?,?,0,Pass
PLACEHOLDER TEST TYPE,?,?,0,Pass
PLACEHOLDER TEST TYPE,?,?,0,Pass
PLACEHOLDER TEST TYPE,?,?,0,Pass
PLACEHOLDER TEST TYPE,?,?,0,Pass
PLACEHOLDER TEST TYPE,?,?,0,Pass
PLACEHOLDER TEST TYPE,?,?,0,Pass
PLACEHOLDER TEST TYPE,?,?,0,Pass
PLACEHOLDER TEST TYPE,?,?,0,Pass
PLACEHOLDER TEST TYPE,?,?,0,Pass
PLACEHOLDER TEST TYPE,?,?,0,Pass
PLACEHOLDER TEST TYPE,?,?,0,Pass
PLACEHOLDER TEST TYPE,?,?,0,Pass
PLACEHOLDER TEST TYPE,?,?,0,Pass
PLACEHOLDER TEST TYPE,?,?,0,Pass
PLACEHOLDER TEST TYPE,?,?,0,Pass
PLACEHOLDER TEST TYPE,?,?,0,Pass
PLACEHOLDER TEST TYPE,?,?,0,Pass
PLACEHOLDER TEST TYPE,?,?,0,Pass
PLACEHOLDER TEST TYPE,?,?,0,Pass
PLACEHOLDER TEST TYPE,?,?,0,Pass
PLACEHOLDER TEST TYPE,?,?,0,Pass
PLACEHOLDER TEST TYPE,?,?,0,Pass
PLACEHOLDER TEST TYPE,?,?,0,Pass
PLACEHOLDER TEST TYPE,?,?,0,Pass
PLACEHOLDER TEST TYPE,?,?,0,Pass
PLACEHOLDER TEST TYPE,?,?,0,Pass
PLACEHOLDER TEST TYPE,?,?,0,Pass
PLACEHOLDER TEST TYPE,?,?,0,Pass
PLACEHOLDER TEST TYPE,?,?,0,Pass
PLACEHOLDER TEST TYPE,?,?,0,Pass
PLACEHOLDER TEST TYPE,?,?,0,Pass
PLACEHOLDER TEST TYPE,?,?,0,Pass
PLACEHOLDER TEST TYPE,?,?,0,Pass
PLACEHOLDER TEST TYPE,?,?,0,Pass
PLACEHOLDER TEST TYPE,?,?,0,Pass
PLACEHOLDER TEST TYPE,?,?,0,Pass
PLACEHOLDER TEST TYPE,?,?,0,Pass
PLACEHOLDER TEST TYPE,?,?,0,Pass
PLACEHOLDER TEST TYPE,?,?,0,Pass
PLACEHOLDER TEST TYPE,?,?,0,Pass
PLACEHOLDER TEST TYPE,?,?,0,Pass
PLACEHOLDER TEST TYPE,?,?,0,Pass
PLACEHOLDER TEST TYPE,?,?,0,Pass
PLACEHOLDER TEST TYPE,?,?,0,Pass
PLACEHOLDER TEST TYPE,?,?,0,Pass
PLACEHOLDER TEST TYPE,?,?,0,Pass
PLACEHOLDER TEST TYPE,?,?,0,Pass
PLACEHOLDER TEST TYPE,?,?,0,Pass
PLACEHOLDER TEST TYPE,?,?,0,Pass
PLACEHOLDER TEST TYPE,?,?,0,Pass
PLACEHOLDER TEST TYPE,?,?,0,Pass
PLACEHOLDER TEST TYPE,?,?,0,Pass
PLACEHOLDER TEST TYPE,?,?,0,Pass
PLACEHOLDER TEST TYPE,?,?,0,Pass
PLACEHOLDER TEST TYPE,?,?,0,Pass
PLACEHOLDER TEST TYPE,?,?,0,Pass
PLACEHOLDER TEST TYPE,?,?,0,Pass
PLACEHOLDER TEST TYPE,?,?,0,Pass
PLACEHOLDER TEST TYPE,?,?,0,Pass
PLACEHOLDER TEST TYPE,?,?,0,Pass
PLACEHOLDER TEST TYPE,?,?,0,Pass
PLACEHOLDER TEST TYPE,?,?,0,Pass
PLACEHOLDER TEST TYPE,?,?,0,Pass
PLACEHOLDER TEST TYPE,?,?,0,Pass
PLACEHOLDER TEST TYPE,?,?,0,Pass
PLACEHOLDER TEST TYPE,?,?,0,Pass
PLACEHOLDER TEST TYPE,?,?,0,Pass
PLACEHOLDER TEST TYPE,?,?,0,Pass
PLACEHOLDER TEST TYPE,?,?,0,Pass
PLACEHOLDER TEST TYPE,?,?,0,Pass
PLACEHOLDER TEST TYPE,?,?,0,Pass
PLACEHOLDER TEST TYPE,?,?,0,Pass
PLACEHOLDER TEST TYPE,?,?,0,Pass
PLACEHOLDER TEST TYPE,?,?,0,Pass
PLACEHOLDER TEST TYPE,?,?,0,Pass
PLACEHOLDER TEST TYPE,?,?,0,Pass
PLACEHOLDER TEST TYPE,?,?,0,Pass
PLACEHOLDER TEST TYPE,?,?,0,Pass
PLACEHOLDER TEST TYPE,?,?,0,Pass
PLACEHOLDER TEST TYPE,?,?,0,Pass
PLACEHOLDER TEST TYPE,?,?,0,Pass
PLACEHOLDER TEST TYPE,?,?,0,Pass
PLACEHOLDER TEST TYPE,?,?,0,Pass
PLACEHOLDER TEST TYPE,?,?,0,Pass
PLACEHOLDER TEST TYPE,?,?,0,Pass
PLACEHOLDER TEST TYPE,?,?,0,Pass
PLACEHOLDER TEST TYPE,?,?,0,Pass
PLACEHOLDER TEST TYPE,?,?,0,Pass
PLACEHOLDER TEST TYPE,?,?,0,Pass
PLACEHOLDER TEST TYPE,?,?,0,Pass
PLACEHOLDER TEST TYPE,?,?,0,Pass
PLACEHOLDER TEST TYPE,?,?,0,Pass
PLACEHOLDER TEST TYPE,?,?,0,Pass
PLACEHOLDER TEST TYPE,?,?,0,Pass
PLACEHOLDER TEST TYPE,?,?,0,Pass
PLACEHOLDER TEST TYPE,?,?,0,Pass
PLACEHOLDER TEST TYPE,?,?,0,Pass
PLACEHOLDER TEST TYPE,?,?,0,Pass
PLACEHOLDER TEST TYPE,?,?,0,Pass
PLACEHOLDER TEST TYPE,?,?,0,Pass
PLACEHOLDER TEST TYPE,?,?,0,Pass
PLACEHOLDER TEST TYPE,?,?,0,Pass
PLACEHOLDER TEST TYPE,?,?,0,Pass
PLACEHOLDER TEST TYPE,?,?,0,Pass
PLACEHOLDER TEST TYPE,?,?,0,Pass
PLACEHOLDER TEST TYPE,?,?,0,Pass
PLACEHOLDER TEST TYPE,?,?,0,Pass
PLACEHOLDER TEST TYPE,?,?,0,Pass
PLACEHOLDER TEST TYPE,?,?,0,Pass
PLACEHOLDER TEST TYPE,?,?,0,Pass
PLACEHOLDER TEST TYPE,?,?,0,Pass
PLACEHOLDER TEST TYPE,?,?,0,Pass
PLACEHOLDER TEST TYPE,?,?,0,Pass
PLACEHOLDER TEST TYPE,?,?,0,Pass
PLACEHOLDER TEST TYPE,?,?,0,Pass
PLACEHOLDER TEST TYPE,?,?,0,Pass
PLACEHOLDER TEST TYPE,?,?,0,Pass
PLACEHOLDER TEST TYPE,?,?,0,Pass
PLACEHOLDER TEST TYPE,?,?,0,Pass
PLACEHOLDER TEST TYPE,?,?,0,Pass
PLACEHOLDER TEST TYPE,?,?,0,Pass
PLACEHOLDER TEST TYPE,?,?,0,Pass
PLACEHOLDER TEST TYPE,?,?,0,Pass
PLACEHOLDER TEST TYPE,?,?,0,Pass
PLACEHOLDER TEST TYPE,?,?,0,Pass
PLACEHOLDER TEST TYPE,?,?,0,Pass
PLACEHOLDER TEST TYPE,?,?,0,Pass
PLACEHOLDER TEST TYPE,?,?,0,Pass
PLACEHOLDER TEST TYPE,?,?,0,Pass
PLACEHOLDER TEST TYPE,?,?,0,Pass
PLACEHOLDER TEST TYPE,?,?,0,Pass
PLACEHOLDER TEST TYPE,?,?,0,Pass
PLACEHOLDER TEST TYPE,?,?,0,Pass
PLACEHOLDER TEST TYPE,?,?,0,Pass
PLACEHOLDER TEST TYPE,?,?,0,Pass
PLACEHOLDER TEST TYPE,?,?,0,Pass
PLACEHOLDER TEST TYPE,?,?,0,Pass
PLACEHOLDER TEST TYPE,?,?,0,Pass
PLACEHOLDER TEST TYPE,?,?,0,Pass
PLACEHOLDER TEST TYPE,?,?,0,Pass
PLACEHOLDER TEST TYPE,?,?,0,Pass
PLACEHOLDER TEST TYPE,?,?,0,Pass
PLACEHOLDER TEST TYPE,?,?,0,Pass
PLACEHOLDER TEST TYPE,?,?,0,Pass
PLACEHOLDER TEST TYPE,?,?,0,Pass
PLACEHOLDER TEST TYPE,?,?,0,Pass
PLACEHOLDER TEST TYPE,?,?,0,Pass
PLACEHOLDER TEST TYPE,?,?,0,Pass
PLACEHOLDER TEST TYPE,?,?,0,Pass
PLACEHOLDER TEST TYPE,?,?,0,Pass
